enemy,gain,avg_player_life,avg_enemy_life,avg_duration,min_player_life,max_player_life,min_enemy_life,max_enemy_life,min_duration,max_duration,percentage_games_lost
1,196.51,96.5,0.0,348.8666666666667,46,100,0,0,326,410,0.0
2,199.91000000000003,99.9,0.0,252.8,97,100,0,0,230,300,0.0
3,199.51,99.5,0.0,303.0,91,100,0,0,266,371,0.0
4,196.14,96.12999999999998,0.0,738.8333333333334,74.79999999999984,100,0,0,688,892,0.0
5,193.38,93.36999999999998,0.0,222.1,85.59999999999991,99.1,0,0,202,263,0.0
6,195.18,95.16999999999999,0.0,286.2,81.09999999999988,98.19999999999999,0,0,272,342,0.0
7,192.45,92.43999999999998,0.0,278.43333333333334,90.99999999999994,92.79999999999995,0,0,273,290,0.0
8,185.36999999999992,85.35999999999991,0.0,252.8,82.89999999999989,86.49999999999991,0,0,252,274,0.0
