enemy,gain,avg_player_life,avg_enemy_life,avg_duration,min_player_life,max_player_life,min_enemy_life,max_enemy_life,min_duration,max_duration
1,199.61,99.6,0.0,0.0,96,100,0,0,159,300
2,189.14333333333335,89.13333333333334,0.0,0.0,78,94,0,0,150,274
3,85.01,5.333333333333333,20.333333333333332,0.0,0,58,0,70.0,226,537
4,80.17000000000009,3.4933333333334122,23.333333333333332,0.0,0,31.600000000000264,0,60.0,388,964
5,158.8300000000003,58.8200000000003,0.0,0.0,34.60000000000027,80.20000000000019,0,0,253,529
6,194.37000000000006,94.36000000000007,0.0,0.0,78.4000000000002,100,0,0,166,246
7,191.17000000000007,91.16000000000008,0.0,0.0,70.00000000000028,94.00000000000006,0,0,123,166
8,140.61000000000027,40.60000000000027,0.0,0.0,3.4000000000002344,72.40000000000026,0,0,261,722
