enemy,gain,avg_player_life,avg_enemy_life,avg_duration,min_player_life,max_player_life,min_enemy_life,max_enemy_life,min_duration,max_duration
1,199.07666666666665,99.06666666666666,0.0,0.0,88,100,0,0,158,182
2,199.27666666666667,99.26666666666667,0.0,0.0,92,100,0,0,154,273
3,46.67666666666667,0.0,53.333333333333336,0.0,0,0,20.0,80.0,191,302
4,66.50333333333337,2.4933333333333647,36.0,0.0,0,23.800000000000246,0,70.0,279,912
5,165.6500000000003,65.64000000000028,0.0,0.0,17.80000000000023,79.0000000000002,0,0,202,606
6,196.95000000000005,96.94000000000003,0.0,0.0,67.00000000000031,100,0,0,164,290
7,195.05000000000007,95.04000000000006,0.0,0.0,81.40000000000018,96.40000000000003,0,0,152,212
8,145.4900000000003,45.48000000000029,0.0,0.0,14.200000000000228,70.60000000000028,0,0,256,607
