enemy,gain,avg_player_life,avg_enemy_life,avg_duration,min_player_life,max_player_life,min_enemy_life,max_enemy_life,min_duration,max_duration
1,197.74333333333334,97.73333333333333,0.0,0.0,88,100,0,0,139,196
2,199.21,99.2,0.0,0.0,88,100,0,0,158,208
3,64.01,0.0,36.0,0.0,0,0,10.0,70.0,339,716
4,55.010000000000005,0.0,45.0,0.0,0,0,20.0,70.0,396,622
5,174.47000000000025,74.46000000000025,0.0,0.0,52.00000000000031,85.60000000000014,0,0,240,570
6,196.13000000000005,96.12000000000003,0.0,0.0,91.00000000000009,97.00000000000003,0,0,158,185
7,199.83,99.82000000000001,0.0,0.0,98.80000000000001,100,0,0,155,192
8,121.79666666666687,29.45333333333353,7.666666666666667,0.0,0,80.20000000000019,0,70.0,253,786
