enemy,gain,avg_player_life,avg_enemy_life,avg_duration,min_player_life,max_player_life,min_enemy_life,max_enemy_life,min_duration,max_duration
1,199.81,99.8,0.0,0.0,98,100,0,0,159,341
2,190.34333333333333,90.33333333333333,0.0,0.0,84,94,0,0,151,233
3,70.27666666666667,0.26666666666666666,30.0,0.0,0,6,0,50.0,335,437
4,64.11000000000001,0.43333333333334095,36.333333333333336,0.0,0,13.00000000000023,0,70.0,435,928
5,174.61000000000024,74.60000000000022,0.0,0.0,60.40000000000033,91.00000000000009,0,0,218,496
6,195.85000000000002,95.84,0.0,0.0,89.2000000000001,98.20000000000002,0,0,153,217
7,193.27000000000007,93.26000000000006,0.0,0.0,80.20000000000019,94.60000000000005,0,0,123,153
8,141.89666666666693,42.55333333333359,0.6666666666666666,0.0,0,86.20000000000013,0,10.0,195,649
