enemy,gain,avg_player_life,avg_enemy_life,avg_duration,min_player_life,max_player_life,min_enemy_life,max_enemy_life,min_duration,max_duration
1,198.41000000000003,98.4,0.0,0.0,86,100,0,0,138,355
2,199.74333333333334,99.73333333333333,0.0,0.0,94,100,0,0,154,237
3,58.943333333333335,0.6,41.666666666666664,0.0,0,18,0,70.0,334,727
4,58.34333333333334,0.0,41.666666666666664,0.0,0,0,20.0,70.0,380,621
5,172.61000000000027,72.60000000000026,0.0,0.0,55.00000000000032,87.40000000000012,0,0,199,507
6,195.73000000000002,95.72000000000003,0.0,0.0,91.60000000000008,97.00000000000003,0,0,159,202
7,199.79000000000002,99.78000000000002,0.0,0.0,98.80000000000001,100,0,0,155,201
8,122.17000000000023,31.493333333333545,9.333333333333334,0.0,0,67.00000000000031,0,70.0,228,731
