enemy,gain,avg_player_life,avg_enemy_life,avg_duration,min_player_life,max_player_life,min_enemy_life,max_enemy_life,min_duration,max_duration,percentage_games_lost
1,200.01,100.0,0.0,174.23333333333332,100,100,0,0,159,329,0.0
2,189.74333333333334,89.73333333333333,0.0,186.43333333333334,78,96,0,0,143,260,0.0
3,86.34333333333335,7.666666666666667,21.333333333333332,410.53333333333336,0,46,0,70.0,263,530,53.333333333333336
4,80.19000000000001,1.8466666666666838,21.666666666666668,736.8333333333334,0,32.200000000000266,0,60.0,420,1123,93.33333333333333
5,160.5300000000003,60.520000000000294,0.0,367.93333333333334,28.000000000000256,81.40000000000018,0,0,271,544,0.0
6,195.01000000000002,95.00000000000001,0.0,203.53333333333333,85.60000000000014,98.80000000000001,0,0,175,275,0.0
7,185.91000000000014,85.90000000000013,0.0,135.13333333333333,72.40000000000026,94.00000000000006,0,0,123,165,0.0
8,136.77000000000027,38.760000000000254,2.0,443.6,0,68.2000000000003,0,40.0,314,717,10.0
