enemy,gain,avg_player_life,avg_enemy_life,avg_duration,min_player_life,max_player_life,min_enemy_life,max_enemy_life,min_duration,max_duration
1,199.94333333333333,99.93333333333334,0.0,0.0,98,100,0,0,158,190
2,188.01,88.0,0.0,0.0,80,94,0,0,143,255
3,81.74333333333334,1.7333333333333334,20.0,0.0,0,32,0,50.0,219,510
4,52.67666666666667,0.0,47.333333333333336,0.0,0,0,20.0,70.0,289,749
5,173.65000000000026,73.64000000000026,0.0,0.0,56.20000000000032,84.40000000000015,0,0,225,421
6,194.31000000000006,94.30000000000004,0.0,0.0,88.00000000000011,98.20000000000002,0,0,150,221
7,188.65000000000012,89.30666666666676,0.6666666666666666,0.0,0,94.60000000000005,0,20.0,122,181
8,148.2100000000003,48.20000000000028,0.0,0.0,1.000000000000234,86.80000000000013,0,0,229,596
