enemy,gain,avg_player_life,avg_enemy_life,avg_duration,min_player_life,max_player_life,min_enemy_life,max_enemy_life,min_duration,max_duration
1,197.94333333333333,97.93333333333334,0.0,254.23333333333332,76,100,0,0,173,345
2,199.87666666666667,99.86666666666666,0.0,168.13333333333333,98,100,0,0,153,230
3,192.87666666666667,92.86666666666666,0.0,326.7,64,100,0,0,253,442
4,175.67000000000024,75.66000000000024,0.0,712.7666666666667,54.40000000000032,96.40000000000003,0,0,594,887
5,190.8700000000001,90.86000000000008,0.0,202.13333333333333,80.80000000000018,97.00000000000003,0,0,149,268
6,178.01000000000022,78.0000000000002,0.0,239.1,41.20000000000029,96.40000000000003,0,0,188,308
7,187.41000000000014,87.40000000000013,0.0,148.2,78.4000000000002,90.40000000000009,0,0,131,204
8,172.89000000000027,72.88000000000027,0.0,257.9,59.80000000000033,83.80000000000015,0,0,188,377
