enemy,gain,avg_player_life,avg_enemy_life,avg_duration,min_player_life,max_player_life,min_enemy_life,max_enemy_life,min_duration,max_duration
1,188.21,88.2,0.0,357.4,54,100,0,0,195,425
2,181.4766666666667,81.46666666666667,0.0,250.26666666666668,60,90,0,0,172,364
3,144.94333333333336,48.6,3.6666666666666665,502.3,0,88,0,40.0,391,698
4,153.9100000000003,53.9000000000003,0.0,796.4333333333333,18.400000000000233,72.40000000000026,0,0,623,928
5,181.5700000000002,81.56000000000019,0.0,228.73333333333332,65.80000000000032,93.40000000000006,0,0,150,303
6,157.8100000000003,57.80000000000029,0.0,335.4,14.200000000000228,81.40000000000018,0,0,245,491
7,165.75000000000026,65.74000000000025,0.0,319.7,11.80000000000023,87.40000000000012,0,0,206,431
8,153.7900000000003,53.780000000000285,0.0,423.06666666666666,2.200000000000234,82.00000000000017,0,0,276,707
