enemy,gain,avg_player_life,avg_enemy_life,avg_duration,min_player_life,max_player_life,min_enemy_life,max_enemy_life,min_duration,max_duration
1,193.67666666666668,93.66666666666667,0.0,316.3333333333333,52,100,0,0,189,412
2,194.61,94.6,0.0,172.26666666666668,92,96,0,0,149,211
3,190.67666666666668,90.66666666666667,0.0,322.7,54,100,0,0,242,488
4,165.3700000000003,65.36000000000028,0.0,797.0666666666667,26.800000000000253,93.40000000000006,0,0,650,991
5,189.9700000000001,89.96000000000011,0.0,189.73333333333332,80.20000000000019,98.20000000000002,0,0,148,325
6,179.65000000000015,79.64000000000013,0.0,259.8,19.000000000000234,95.80000000000004,0,0,188,475
7,182.05000000000018,82.04000000000018,0.0,191.53333333333333,54.40000000000032,86.80000000000013,0,0,140,343
8,169.71000000000026,69.70000000000027,0.0,288.5,50.20000000000031,84.40000000000015,0,0,187,414
