enemy,gain,avg_player_life,avg_enemy_life,avg_duration,min_player_life,max_player_life,min_enemy_life,max_enemy_life,min_duration,max_duration
1,185.01,85.0,0.0,342.7,28,100,0,0,174,569
2,185.67666666666668,85.66666666666667,0.0,219.7,66,94,0,0,156,375
3,148.34333333333333,55.0,6.666666666666667,452.4,0,96,0,50.0,312,537
4,148.53000000000029,48.52000000000027,0.0,822.3666666666667,13.00000000000023,84.40000000000015,0,0,659,999
5,180.55000000000018,80.54000000000019,0.0,218.53333333333333,65.80000000000032,92.20000000000007,0,0,151,297
6,166.23000000000027,66.22000000000027,0.0,302.1,37.60000000000028,88.00000000000011,0,0,238,407
7,179.93000000000018,79.92000000000017,0.0,227.36666666666667,37.60000000000028,89.8000000000001,0,0,148,440
8,166.19000000000025,66.18000000000025,0.0,326.6666666666667,40.600000000000286,87.40000000000012,0,0,170,496
