enemy,gain,avg_player_life,avg_enemy_life,avg_duration,min_player_life,max_player_life,min_enemy_life,max_enemy_life,min_duration,max_duration
1,191.27666666666667,91.26666666666667,0.0,338.1,44,100,0,0,190,434
2,200.01,100.0,0.0,198.7,100,100,0,0,170,239
3,195.74333333333334,95.73333333333333,0.0,295.6,60,100,0,0,242,394
4,167.8700000000003,67.86000000000028,0.0,750.4,49.60000000000031,86.20000000000013,0,0,619,914
5,186.55000000000013,86.54000000000013,0.0,225.13333333333333,77.20000000000022,97.60000000000002,0,0,154,350
6,184.99000000000015,84.98000000000015,0.0,236.73333333333332,57.400000000000325,97.00000000000003,0,0,193,292
7,163.0966666666669,67.75333333333353,4.666666666666667,263.7,0,92.80000000000007,0,80.0,50,448
8,157.47000000000028,57.460000000000285,0.0,315.76666666666665,28.000000000000256,76.60000000000022,0,0,217,430
