enemy,gain,avg_player_life,avg_enemy_life,avg_duration,min_player_life,max_player_life,min_enemy_life,max_enemy_life,min_duration,max_duration
1,198.41000000000003,98.4,0.0,358.4,86,100,0,0,191,450
2,198.67666666666668,98.66666666666667,0.0,193.23333333333332,92,100,0,0,154,242
3,193.07666666666665,93.06666666666666,0.0,336.8,38,100,0,0,264,519
4,160.91000000000028,60.900000000000276,0.0,749.1,11.80000000000023,86.80000000000013,0,0,603,896
5,186.63000000000017,86.62000000000015,0.0,220.86666666666667,69.40000000000029,99.4,0,0,149,343
6,175.9700000000002,75.9600000000002,0.0,255.13333333333333,46.6000000000003,94.60000000000005,0,0,189,362
7,180.4100000000002,80.40000000000019,0.0,172.1,58.60000000000033,89.8000000000001,0,0,132,293
8,168.73000000000025,68.72000000000025,0.0,287.8666666666667,40.000000000000284,85.60000000000014,0,0,189,531
