enemy,gain,avg_player_life,avg_enemy_life,avg_duration,min_player_life,max_player_life,min_enemy_life,max_enemy_life,min_duration,max_duration
1,199.41000000000003,99.4,0.0,343.43333333333334,88,100,0,0,190,411
2,198.81,98.8,0.0,180.56666666666666,90,100,0,0,153,237
3,190.81,90.8,0.0,345.2,4,100,0,0,242,617
4,169.91000000000025,69.90000000000026,0.0,705.5666666666667,40.600000000000286,87.40000000000012,0,0,568,841
5,187.9500000000001,87.94000000000011,0.0,198.8,69.40000000000029,97.60000000000002,0,0,154,297
6,182.13000000000017,82.12000000000016,0.0,229.76666666666668,48.400000000000304,97.60000000000002,0,0,187,321
7,179.71000000000018,79.70000000000017,0.0,188.7,42.40000000000029,92.20000000000007,0,0,131,310
8,170.25000000000028,70.24000000000026,0.0,282.6333333333333,54.40000000000032,85.00000000000014,0,0,207,413
