enemy,gain,avg_player_life,avg_enemy_life,avg_duration,min_player_life,max_player_life,min_enemy_life,max_enemy_life,min_duration,max_duration
1,191.87666666666667,91.86666666666666,0.0,293.6333333333333,74,98,0,0,177,453
2,187.01,87.0,0.0,219.7,78,88,0,0,176,268
3,178.41000000000003,79.4,1.0,401.5,0,100,0,10.0,253,545
4,156.3900000000003,56.38000000000029,0.0,801.8,32.80000000000027,97.00000000000003,0,0,669,913
5,191.73000000000008,91.72000000000007,0.0,180.3,82.60000000000016,97.00000000000003,0,0,153,245
6,169.59000000000026,69.58000000000025,0.0,286.43333333333334,48.400000000000304,82.00000000000017,0,0,204,400
7,173.69000000000023,73.68000000000023,0.0,231.93333333333334,3.4000000000002344,88.60000000000011,0,0,132,433
8,173.83000000000024,73.82000000000023,0.0,306.0,53.80000000000032,87.40000000000012,0,0,204,431
