enemy,gain,avg_player_life,avg_enemy_life,avg_duration,min_player_life,max_player_life,min_enemy_life,max_enemy_life,min_duration,max_duration
1,197.4766666666667,97.46666666666667,0.0,212.03333333333333,52,100,0,0,171,403
2,200.01,100.0,0.0,180.4,100,100,0,0,152,230
3,192.87666666666667,92.86666666666666,0.0,353.4,60,100,0,0,254,465
4,178.7700000000002,78.7600000000002,0.0,662.4333333333333,51.40000000000031,99.4,0,0,485,782
5,187.09000000000015,87.08000000000013,0.0,205.56666666666666,78.4000000000002,95.80000000000004,0,0,147,279
6,179.9900000000002,79.9800000000002,0.0,241.83333333333334,55.60000000000032,94.60000000000005,0,0,195,295
7,184.17000000000013,84.16000000000011,0.0,148.33333333333334,51.40000000000031,89.8000000000001,0,0,129,338
8,167.23000000000027,67.22000000000027,0.0,264.8,40.000000000000284,87.40000000000012,0,0,189,368
