enemy,gain,avg_player_life,avg_enemy_life,avg_duration,min_player_life,max_player_life,min_enemy_life,max_enemy_life,min_duration,max_duration
1,196.87666666666667,96.86666666666666,0.0,269.53333333333336,90,100,0,0,159,396
2,191.87666666666667,91.86666666666666,0.0,193.1,84,96,0,0,164,254
3,180.07666666666668,80.73333333333333,0.6666666666666666,383.76666666666665,0,100,0,10.0,239,630
4,168.03000000000026,68.02000000000025,0.0,829.7,22.00000000000024,89.2000000000001,0,0,674,954
5,190.53000000000014,90.52000000000012,0.0,174.2,81.40000000000018,98.20000000000002,0,0,151,232
6,178.0100000000002,78.00000000000018,0.0,254.96666666666667,25.00000000000025,92.80000000000007,0,0,205,425
7,174.99000000000024,74.98000000000023,0.0,210.36666666666667,32.80000000000027,85.00000000000014,0,0,134,406
8,162.73000000000027,62.72000000000027,0.0,294.8,3.4000000000002344,87.40000000000012,0,0,195,501
