enemy,gain,avg_player_life,avg_enemy_life,avg_duration,min_player_life,max_player_life,min_enemy_life,max_enemy_life,min_duration,max_duration
1,198.07666666666665,98.06666666666666,0.0,299.76666666666665,64,100,0,0,173,395
2,194.61,94.6,0.0,171.5,90,96,0,0,150,194
3,187.41000000000003,87.4,0.0,349.03333333333336,38,100,0,0,254,505
4,161.8700000000003,61.860000000000284,0.0,761.0666666666667,26.20000000000025,83.20000000000016,0,0,630,917
5,187.21000000000012,87.20000000000012,0.0,211.5,76.60000000000022,97.60000000000002,0,0,149,302
6,175.95000000000022,75.94000000000023,0.0,236.2,46.6000000000003,94.60000000000005,0,0,178,318
7,176.91000000000017,77.56666666666682,0.6666666666666666,200.86666666666667,0,91.00000000000009,0,20.0,131,465
8,166.71000000000032,66.7000000000003,0.0,291.6,50.80000000000031,83.80000000000015,0,0,185,416
